National Center for Education Statistics
Expenses (in thousands) of public postsecondary institutions using GASB standards

[In current dollars]
Fiscal year,Expenses (in thousands)
2023,"$463,714,828"
2022,"$440,467,132"
2021,"$407,105,074"
2020,"$406,201,119"
2019,"$388,910,806"
2018,"$374,909,469"
2017,"$360,815,833"
2016,"$344,383,853"
2015,"$325,906,087"
2014,"$314,790,211"
2013,"$302,689,450"
2012,"$297,093,995"
2011,"$288,955,697"
2010,"$274,056,414"

This table presents data collected from Title IV institutions in the United States.
Amounts displayed are in current dollars.
"SOURCE: U.S. Department of Education, National Center for Education Statistics, Integrated Postsecondary Education Data System (IPEDS), Finance component  final data ( fiscal years 2010 - 2022) and provisional data (fiscal year 2023)."
