National Center for Education Statistics
Average amount of federal student loans received by undergraduate students

[In current dollars]
Year,Average amount 
2022-23,"$6,575"
2021-22,"$6,590"
2020-21,"$6,597"
2019-20,"$6,632"
2018-19,"$6,629"
2017-18,"$6,688"
2016-17,"$6,713"
2015-16,"$6,774"
2014-15,"$6,827"
2013-14,"$6,890"
2012-13,"$6,914"
2011-12,"$6,912"
2010-11,"$6,956"
2009-10,"$7,125"
2008-09,"$6,880"

"This table presents data collected from Title IV institutions in the United States. Prior to 2009-10, the data include only Title IV primarily postsecondary institutions."
Amounts displayed are in current dollars.
"Prior to academic year 2010-11, the data represents students receiving aid, rather than students awarded aid. Students awarded aid include those who were awarded aid and accepted while student receiving aid include those who were awarded and disbursed aid"
"SOURCE: U.S. Department of Education, National Center for Education Statistics, Integrated Postsecondary Education Data System (IPEDS), Student Financial Aid component final data (2001-02 - 2021-22) and provisional data (2022-23)."
